{"notes":{"Dx5":{"frequency":659.255114,"order":76},"Dx4":{"frequency":329.627557,"order":64},"Dx7":{"frequency":2637.020455,"order":100},"Dx6":{"frequency":1318.510228,"order":88},"Dx9":{"frequency":10548.081821,"order":124},"Dx8":{"frequency":5274.040911,"order":112},"Abb9":{"frequency":12543.853951,"order":127},"Abb8":{"frequency":6271.926976,"order":115},"Abb7":{"frequency":3135.963488,"order":103},"Abb6":{"frequency":1567.981744,"order":91},"Abb5":{"frequency":783.990872,"order":79},"Abb4":{"frequency":391.995436,"order":67},"Abb3":{"frequency":195.997718,"order":55},"Ab0":{"frequency":25.956544,"order":20},"Abb2":{"frequency":97.998859,"order":43},"A0":{"frequency":27.5,"order":21},"Abb1":{"frequency":48.999429,"order":31},"Abb0":{"frequency":24.499715,"order":19},"A1":{"frequency":55.0,"order":33},"Ab2":{"frequency":103.826174,"order":44},"Ab1":{"frequency":51.913087,"order":32},"A2":{"frequency":110.0,"order":45},"A3":{"frequency":220.0,"order":57},"Ab4":{"frequency":415.304698,"order":68},"Ab3":{"frequency":207.652349,"order":56},"A4":{"frequency":440.0,"order":69},"A5":{"frequency":880.0,"order":81},"Ab6":{"frequency":1661.21879,"order":92},"Ab5":{"frequency":830.609395,"order":80},"A6":{"frequency":1760.0,"order":93},"A7":{"frequency":3520.0,"order":105},"Ab8":{"frequency":6644.875161,"order":116},"Ab7":{"frequency":3322.437581,"order":104},"A8":{"frequency":7040.0,"order":117},"Bb-1":{"frequency":14.567618,"order":10},"Ax-1":{"frequency":15.433853,"order":11},"G-1":{"frequency":12.249857,"order":7},"B0":{"frequency":30.867706,"order":23},"B#0":{"frequency":16.351598,"order":12},"B1":{"frequency":61.735413,"order":35},"B#1":{"frequency":32.703196,"order":24},"B2":{"frequency":123.470825,"order":47},"B#2":{"frequency":65.406391,"order":36},"B3":{"frequency":246.941651,"order":59},"B#3":{"frequency":130.812783,"order":48},"B4":{"frequency":493.883301,"order":71},"B#4":{"frequency":261.625565,"order":60},"B5":{"frequency":987.766603,"order":83},"B#5":{"frequency":523.251131,"order":72},"B6":{"frequency":1975.533205,"order":95},"B#6":{"frequency":1046.502261,"order":84},"B7":{"frequency":3951.06641,"order":107},"B#7":{"frequency":2093.004522,"order":96},"B8":{"frequency":7902.13282,"order":119},"Fx-1":{"frequency":12.249857,"order":7},"B#8":{"frequency":4186.009045,"order":108},"B#9":{"frequency":8372.01809,"order":120},"Cx0":{"frequency":18.354048,"order":14},"Cx2":{"frequency":73.416192,"order":38},"Cx1":{"frequency":36.708096,"order":26},"Cx4":{"frequency":293.664768,"order":62},"Cx3":{"frequency":146.832384,"order":50},"Cx6":{"frequency":1174.659072,"order":86},"Cx5":{"frequency":587.329536,"order":74},"Cx8":{"frequency":4698.636287,"order":110},"Cx7":{"frequency":2349.318143,"order":98},"Cx9":{"frequency":9397.272573,"order":122},"C0":{"frequency":16.351598,"order":12},"C1":{"frequency":32.703196,"order":24},"C2":{"frequency":65.406391,"order":36},"C3":{"frequency":130.812783,"order":48},"C4":{"frequency":261.625565,"order":60},"C5":{"frequency":523.251131,"order":72},"Ebb-1":{"frequency":9.177024,"order":2},"C6":{"frequency":1046.502261,"order":84},"C7":{"frequency":2093.004522,"order":96},"C8":{"frequency":4186.009045,"order":108},"C9":{"frequency":8372.01809,"order":120},"Gx-1":{"frequency":13.75,"order":9},"D#-1":{"frequency":9.722718,"order":3},"Abb-1":{"frequency":12.249857,"order":7},"Gbb0":{"frequency":21.826764,"order":17},"Bbb8":{"frequency":7040.0,"order":117},"Gbb2":{"frequency":87.307058,"order":41},"Bbb7":{"frequency":3520.0,"order":105},"F-1":{"frequency":10.913382,"order":5},"Gbb1":{"frequency":43.653529,"order":29},"Bbb6":{"frequency":1760.0,"order":93},"D0":{"frequency":18.354048,"order":14},"Gbb4":{"frequency":349.228231,"order":65},"Bbb5":{"frequency":880.0,"order":81},"D1":{"frequency":36.708096,"order":26},"Gbb3":{"frequency":174.614116,"order":53},"Bbb4":{"frequency":440.0,"order":69},"A#0":{"frequency":29.135235,"order":22},"D2":{"frequency":73.416192,"order":38},"Bbb3":{"frequency":220.0,"order":57},"Gbb6":{"frequency":1396.912926,"order":89},"A#1":{"frequency":58.27047,"order":34},"Bbb2":{"frequency":110.0,"order":45},"D3":{"frequency":146.832384,"order":50},"Gbb5":{"frequency":698.456463,"order":77},"Bbb1":{"frequency":55.0,"order":33},"A#2":{"frequency":116.54094,"order":46},"D4":{"frequency":293.664768,"order":62},"Gbb8":{"frequency":5587.651703,"order":113},"Bbb0":{"frequency":27.5,"order":21},"A#3":{"frequency":233.081881,"order":58},"D5":{"frequency":587.329536,"order":74},"Gbb7":{"frequency":2793.825851,"order":101},"A#4":{"frequency":466.163762,"order":70},"D6":{"frequency":1174.659072,"order":86},"A#5":{"frequency":932.327523,"order":82},"D7":{"frequency":2349.318143,"order":98},"Gbb9":{"frequency":11175.303406,"order":125},"A#6":{"frequency":1864.655046,"order":94},"D8":{"frequency":4698.636287,"order":110},"A#7":{"frequency":3729.310092,"order":106},"D9":{"frequency":9397.272573,"order":122},"A#8":{"frequency":7458.620184,"order":118},"Cb-1":{"frequency":15.433853,"order":11},"E0":{"frequency":20.601722,"order":16},"E1":{"frequency":41.203445,"order":28},"E2":{"frequency":82.406889,"order":40},"E3":{"frequency":164.813778,"order":52},"E4":{"frequency":329.627557,"order":64},"E5":{"frequency":659.255114,"order":76},"E6":{"frequency":1318.510228,"order":88},"E7":{"frequency":2637.020455,"order":100},"E8":{"frequency":5274.040911,"order":112},"Gb0":{"frequency":23.124651,"order":18},"E9":{"frequency":10548.081821,"order":124},"Gb2":{"frequency":92.498606,"order":42},"Gb1":{"frequency":46.249303,"order":30},"Gb4":{"frequency":369.994423,"order":66},"Gb3":{"frequency":184.997211,"order":54},"Gb6":{"frequency":1479.977691,"order":90},"Gb5":{"frequency":739.988845,"order":78},"Gb8":{"frequency":5919.910763,"order":114},"Gb7":{"frequency":2959.955382,"order":102},"Gb9":{"frequency":11839.821527,"order":126},"E-1":{"frequency":10.300861,"order":4},"F0":{"frequency":21.826764,"order":17},"F1":{"frequency":43.653529,"order":29},"F2":{"frequency":87.307058,"order":41},"F3":{"frequency":174.614116,"order":53},"F4":{"frequency":349.228231,"order":65},"F5":{"frequency":698.456463,"order":77},"F6":{"frequency":1396.912926,"order":89},"F7":{"frequency":2793.825851,"order":101},"F8":{"frequency":5587.651703,"order":113},"F9":{"frequency":11175.303406,"order":125},"Ax0":{"frequency":30.867706,"order":23},"Ax2":{"frequency":123.470825,"order":47},"Ax1":{"frequency":61.735413,"order":35},"Ax4":{"frequency":493.883301,"order":71},"E#-1":{"frequency":10.913382,"order":5},"Gbb-1":{"frequency":10.913382,"order":5},"Ax3":{"frequency":246.941651,"order":59},"Ax6":{"frequency":1975.533205,"order":95},"Ax5":{"frequency":987.766603,"order":83},"Ax8":{"frequency":7902.13282,"order":119},"Ax7":{"frequency":3951.06641,"order":107},"G0":{"frequency":24.499715,"order":19},"G1":{"frequency":48.999429,"order":31},"G2":{"frequency":97.998859,"order":43},"G3":{"frequency":195.997718,"order":55},"G4":{"frequency":391.995436,"order":67},"G5":{"frequency":783.990872,"order":79},"G6":{"frequency":1567.981744,"order":91},"G7":{"frequency":3135.963488,"order":103},"G8":{"frequency":6271.926976,"order":115},"G9":{"frequency":12543.853951,"order":127},"Fb1":{"frequency":41.203445,"order":28},"Fb0":{"frequency":20.601722,"order":16},"Fb3":{"frequency":164.813778,"order":52},"Fb2":{"frequency":82.406889,"order":40},"Fb5":{"frequency":659.255114,"order":76},"Cx-1":{"frequency":9.177024,"order":2},"Fb4":{"frequency":329.627557,"order":64},"Fb7":{"frequency":2637.020455,"order":100},"Fb6":{"frequency":1318.510228,"order":88},"Fb9":{"frequency":10548.081821,"order":124},"Fb8":{"frequency":5274.040911,"order":112},"Db-1":{"frequency":8.661957,"order":1},"D-1":{"frequency":9.177024,"order":2},"G#1":{"frequency":51.913087,"order":32},"G#0":{"frequency":25.956544,"order":20},"Bbb-1":{"frequency":13.75,"order":9},"G#3":{"frequency":207.652349,"order":56},"G#2":{"frequency":103.826174,"order":44},"G#5":{"frequency":830.609395,"order":80},