{
  "C-1":{
    "order":0,
    "frequency":8.175798915643707
  },
  "C#-1":{
    "order":1,
    "frequency":8.661957218027252
  },
  "Db-1":{
    "order":1,
    "frequency":8.661957218027252
  },
  "D-1":{
    "order":2,
    "frequency":9.177023997418987
  },
  "D#-1":{
    "order":3,
    "frequency":9.722718241315027
  },
  "Eb-1":{
    "order":3,
    "frequency":9.722718241315027
  },
  "E-1":{
    "order":4,
    "frequency":10.300861153527185
  },
  "F-1":{
    "order":5,
    "frequency":10.913382232281371
  },
  "F#-1":{
    "order":6,
    "frequency":11.562325709738575
  },
  "Gb-1":{
    "order":6,
    "frequency":11.562325709738575
  },
  "G-1":{
    "order":7,
    "frequency":12.249857374429665
  },
  "G#-1":{
    "order":8,
    "frequency":12.978271799373283
  },
  "Ab-1":{
    "order":8,
    "frequency":12.978271799373283
  },
  "A-1":{
    "order":9,
    "frequency":13.75
  },
  "A#-1":{
    "order":10,
    "frequency":14.56761754744031
  },
  "Bb-1":{
    "order":10,
    "frequency":14.56761754744031
  },
  "B-1":{
    "order":11,
    "frequency":15.433853164253879
  },
  "C0":{
    "order":12,
    "frequency":16.351597831287414
  },
  "C#0":{
    "order":13,
    "frequency":17.323914436054505
  },
  "Db0":{
    "order":13,
    "frequency":17.323914436054505
  },
  "D0":{
    "order":14,
    "frequency":18.354047994837973
  },
  "D#0":{
    "order":15,
    "frequency":19.445436482630054
  },
  "Eb0":{
    "order":15,
    "frequency":19.445436482630054
  },
  "E0":{
    "order":16,
    "frequency":20.60172230705437
  },
  "F0":{
    "order":17,
    "frequency":21.826764464562743
  },
  "F#0":{
    "order":18,
    "frequency":23.12465141947715
  },
  "Gb0":{
    "order":18,
    "frequency":23.12465141947715
  },
  "G0":{
    "order":19,
    "frequency":24.49971474885933
  },
  "G#0":{
    "order":20,
    "frequency":25.956543598746567
  },
  "Ab0":{
    "order":20,
    "frequency":25.956543598746567
  },
  "A0":{
    "order":21,
    "frequency":27.5
  },
  "A#0":{
    "order":22,
    "frequency":29.13523509488062
  },
  "Bb0":{
    "order":22,
    "frequency":29.13523509488062
  },
  "B0":{
    "order":23,
    "frequency":30.867706328507758
  },
  "C1":{
    "order":24,
    "frequency":32.70319566257483
  },
  "C#1":{
    "order":25,
    "frequency":34.64782887210901
  },
  "Db1":{
    "order":25,
    "frequency":34.64782887210901
  },
  "D1":{
    "order":26,
    "frequency":36.70809598967595
  },
  "D#1":{
    "order":27,
    "frequency":38.89087296526011
  },
  "Eb1":{
    "order":27,
    "frequency":38.89087296526011
  },
  "E1":{
    "order":28,
    "frequency":41.20344461410874
  },
  "F1":{
    "order":29,
    "frequency":43.653528929125486
  },
  "F#1":{
    "order":30,
    "frequency":46.2493028389543
  },
  "Gb1":{
    "order":30,
    "frequency":46.2493028389543
  },
  "G1":{
    "order":31,
    "frequency":48.99942949771866
  },
  "G#1":{
    "order":32,
    "frequency":51.913087197493134
  },
  "Ab1":{
    "order":32,
    "frequency":51.913087197493134
  },
  "A1":{
    "order":33,
    "frequency":55
  },
  "A#1":{
    "order":34,
    "frequency":58.27047018976124
  },
  "Bb1":{
    "order":34,
    "frequency":58.27047018976124
  },
  "B1":{
    "order":35,
    "frequency":61.735412657015516
  },
  "C2":{
    "order":36,
    "frequency":65.40639132514966
  },
  "C#2":{
    "order":37,
    "frequency":69.29565774421802
  },
  "Db2":{
    "order":37,
    "frequency":69.29565774421802
  },
  "D2":{
    "order":38,
    "frequency":73.4161919793519
  },
  "D#2":{
    "order":39,
    "frequency":77.78174593052022
  },
  "Eb2":{
    "order":39,
    "frequency":77.78174593052022
  },
  "E2":{
    "order":40,
    "frequency":82.40688922821748
  },
  "F2":{
    "order":41,
    "frequency":87.30705785825097
  },
  "F#2":{
    "order":42,
    "frequency":92.4986056779086
  },
  "Gb2":{
    "order":42,
    "frequency":92.4986056779086
  },
  "G2":{
    "order":43,
    "frequency":97.99885899543732
  },
  "G#2":{
    "order":44,
    "frequency":103.82617439498627
  },
  "Ab2":{
    "order":44,
    "frequency":103.82617439498627
  },
  "A2":{
    "order":45,
    "frequency":110
  },
  "A#2":{
    "order":46,
    "frequency":116.54094037952248
  },
  "Bb2":{
    "order":46,
    "frequency":116.54094037952248
  },
  "B2":{
    "order":47,
    "frequency":123.47082531403103
  },
  "C3":{
    "order":48,
    "frequency":130.8127826502993
  },
  "C#3":{
    "order":49,
    "frequency":138.59131548843604
  },
  "Db3":{
    "order":49,
    "frequency":138.59131548843604
  },
  "D3":{
    "order":50,
    "frequency":146.8323839587038
  },
  "D#3":{
    "order":51,
    "frequency":155.56349186104043
  },
  "Eb3":{
    "order":51,
    "frequency":155.56349186104043
  },
  "E3":{
    "order":52,
    "frequency":164.81377845643496
  },
  "F3":{
    "order":53,
    "frequency":174.61411571650194
  },
  "F#3":{
    "order":54,
    "frequency":184.9972113558172
  },
  "Gb3":{
    "order":54,
    "frequency":184.9972113558172
  },
  "G3":{
    "order":55,
    "frequency":195.99771799087463
  },
  "G#3":{
    "order":56,
    "frequency":207.65234878997254
  },
  "Ab3":{
    "order":56,
    "frequency":207.65234878997254
  },
  "A3":{
    "order":57,
    "frequency":220
  },
  "A#3":{
    "order":58,
    "frequency":233.08188075904496
  },
  "Bb3":{
    "order":58,
    "frequency":233.08188075904496
  },
  "B3":{
    "order":59,
    "frequency":246.94165062806206
  },
  "C4":{
    "order":60,
    "frequency":261.6255653005986
  },
  "C#4":{
    "order":61,
    "frequency":277.1826309768721
  },
  "Db4":{
    "order":61,
    "frequency":277.1826309768721
  },
  "D4":{
    "order":62,
    "frequency":293.6647679174076
  },
  "D#4":{
    "order":63,
    "frequency":311.12698372208087
  },
  "Eb4":{
    "order":63,
    "frequency":311.12698372208087
  },
  "E4":{
    "order":64,
    "frequency":329.6275569128699
  },
  "F4":{
    "order":65,
    "frequency":349.2282314330039
  },
  "F#4":{
    "order":66,
    "frequency":369.9944227116344
  },
  "Gb4":{
    "order":66,
    "frequency":369.9944227116344
  },
  "G4":{
    "order":67,
    "frequency":391.99543598174927
  },
  "G#4":{
    "order":68,
    "frequency":415.30469757994507
  },
  "Ab4":{
    "order":68,
    "frequency":415.30469757994507
  },
  "A4":{
    "order":69,
    "frequency":440
  },
  "A#4":{
    "order":70,
    "frequency":466.1637615180899
  },
  "Bb4":{
    "order":70,
    "frequency":466.1637615180899
  },
  "B4":{
    "order":71,
    "frequency":493.8833012561241
  },
  "C5":{
    "order":72,
    "frequency":523.2511306011972
  },
  "C#5":{
    "order":73,
    "frequency":554.3652619537442
  },
  "Db5":{
    "order":73,
    "frequency":554.3652619537442
  },
  "D5":{
    "order":74,
    "frequency":587.3295358348151
  },
  "D#5":{
    "order":75,
    "frequency":622.2539674441617
  },
  "Eb5":{
    "order":75,
    "frequency":622.2539674441617
  },
  "E5":{
    "order":76,
    "frequency":659.2551138257398
  },
  "F5":{
    "order":77,
    "frequency":698.4564628660078
  },
  "F#5":{
    "order":78,
    "frequency":739.9888454232688
  },
  "Gb5":{
    "order":78,
    "frequency":739.9888454232688
  },
  "G5":{
    "order":79,
    "frequency":783.9908719634985
  },
  "G#5":{
    "order":80,
    "frequency":830.6093951598901
  },
  "Ab5":{
    "order":80,
    "frequency":830.6093951598901
  },
  "A5":{
    "order":81,
    "frequency":880
  },
  "A#5":{
    "order":82,
    "frequency":932.3275230361799
  },
  "Bb5":{
    "order":82,
    "frequency":932.3275230361799
  },
  "B5":{
    "order":83,
    "frequency":987.7666025122483
  },
  "C6":{
    "order":84,
    "frequency":1046.5022612023945
  },
  "C#6":{
    "order":85,
    "frequency":1108.7305239074883
  },
  "Db6":{
    "order":85,
    "frequency":1108.7305239074883
  },
  "D6":{
    "order":86,
    "frequency":1174.6590716696303
  },
  "D#6":{
    "order":87,
    "frequency":1244.5079348883235
  },
  "Eb6":{
    "order":87,